Top queries,Clicks,Impressions,CTR,Position
spectrio,22649,69535,32.57%,1.02
enplug,8037,33183,24.22%,1.24
organizational culture examples,3071,52513,5.85%,4.15
spectrio login,2266,6370,35.57%,1.45
retail strategy,1822,50088,3.64%,3.5
company culture examples,1763,79175,2.23%,6.13
industry weapon,1708,4486,38.07%,1.11
company culture quotes,1624,10879,14.93%,2.12
spectrio llc,1337,4356,30.69%,1.02
corporate culture examples,1168,32295,3.62%,5.29
screenscape,950,4814,19.73%,1.23
organisational culture examples,866,16895,5.13%,4.11
spectrio digital signage,850,2775,30.63%,1
spectrio careers,850,1983,42.86%,1.08
retail radio,798,7849,10.17%,2.09
team culture examples,748,10934,6.84%,4.72
work culture quotes,717,7294,9.83%,3.65
10 foot wave,700,4445,15.75%,1.84
ping hd,619,1841,33.62%,1.43
example of organizational culture,618,7157,8.63%,3.21
quotes about company culture,599,2705,22.14%,1.98
quotes about team culture,597,4962,12.03%,3.15
in store marketing,593,19335,3.07%,6.86
examples of organisational culture,569,7822,7.27%,3.76
pinghd,540,1609,33.56%,1.15
great place to work quotes,519,4021,12.91%,5.16
5 examples of organisational culture,506,5860,8.63%,2.61
examples of organizational culture,497,7850,6.33%,4.26
spectrio radio,493,872,56.54%,1
spectrio customer service,460,2321,19.82%,1.85
what is retail strategy,437,4253,10.28%,1.01
spectrio music,393,603,65.17%,1
bank marketing,386,37939,1.02%,8.05
quotes on company culture,372,1431,26%,1.94
how to market your business on instagram,356,3704,9.61%,3.12
workplace culture quotes,340,3070,11.07%,2.89
quotes about culture in business,340,1298,26.19%,1.49
old songs list,339,4010,8.45%,5.13
organization culture examples,334,3456,9.66%,3.82
corporate culture,332,83709,0.4%,24.15
corporate culture example,324,3325,9.74%,2.61
spectrio support,322,532,60.53%,1.24
organizational culture example,320,4696,6.81%,3.61
organizational culture quotes,319,4227,7.55%,3.21
corporate culture quotes,314,3000,10.47%,2.99
marketing strategies in banking sector,309,3270,9.45%,3.07
team culture,301,10645,2.83%,43.42
help us decide what new restaurant-style meal solution to create,297,2055,14.45%,4.92
bank marketing strategies,296,6968,4.25%,2.89
google trends app,288,9500,3.03%,6.13
culture quotes business,285,1326,21.49%,1.46
retailing strategy,279,3220,8.66%,1.29
quotes about work culture,276,1056,26.14%,1.98
team culture quotes,274,4137,6.62%,3.49
quotes about organizational culture,273,1063,25.68%,1.95
enplug digital signage,266,1424,18.68%,1.18
organizational culture,262,8124,3.23%,15.58
business culture quotes,259,1534,16.88%,1.77
example of corporate culture,257,3701,6.94%,2.83
spectrio enplug,247,511,48.34%,1
internal branding,240,27254,0.88%,13.53
positive organizational culture,240,6941,3.46%,7.21
10footwave,240,448,53.57%,1.12
spectrio charlotte nc,230,770,29.87%,1.01
company values quotes,227,1016,22.34%,2.11
company culture example,221,6139,3.6%,5.8
digital signage display,217,43192,0.5%,45.99
in store advertising,217,9967,2.18%,2.09
in-store marketing strategies,217,1873,11.59%,2.42
spectrio jobs,213,506,42.09%,1.92
in-store marketing,212,8845,2.4%,6.07
quotes on organizational culture,212,929,22.82%,2.51
marketing strategies of banking sector in india,212,861,24.62%,1.42
music licensing companies,200,11942,1.67%,14.15
10 foot wave login,199,372,53.49%,1.18
digital signage,193,258246,0.07%,40.76
banking marketing strategies,193,2183,8.84%,2.55
examples of company culture,188,7129,2.64%,5.86
examples of corporate culture,188,3666,5.13%,4.4
patient experience week,187,8450,2.21%,7.94
"should all companies implement internal enterprise social networks? why or 
why not?",185,533,34.71%,1.62
how to re-engage inactive customers,184,1386,13.28%,3.75
quote about company culture,184,520,35.38%,1.55
customer touchpoint mapping,183,10646,1.72%,4.3
spectrio retail radio,183,366,50%,1
spectrio.com,181,670,27.01%,1
quotes on work culture,180,1170,15.38%,3.18
quotes about corporate culture,180,701,25.68%,2.14
most iconic songs,179,10295,1.74%,9.77
office culture examples,178,3091,5.76%,4.36
marketing strategy for banks,178,1886,9.44%,3
company review quotes,178,413,43.1%,1.31
psychology of smell,175,2873,6.09%,3.86
touchpoint map,173,5882,2.94%,3.84
culture quotes for work,173,1560,11.09%,3.19
lifeshare technologies,172,2147,8.01%,1.47
company culture quote,171,571,29.95%,1.61
business culture examples,169,11112,1.52%,6.03
list of marketing channels,168,7848,2.14%,6.96
multiple tv wall setup,164,3277,5%,1.85
marketing for banks,162,18060,0.9%,2
5 ways to improve customer service,160,4977,3.21%,6.46
quotes about workplace culture,159,1018,15.62%,3.08
5 types of corporate culture,159,579,27.46%,1.12
the customer is skeptical about what you are telling him,158,562,28.11%,2.09
in-store advertising examples,157,1184,13.26%,1.55
old songs,156,4033,3.87%,15.11
office culture quotes,156,1356,11.5%,3.54
quotes on team culture,154,1466,10.5%,2.98
enplug spectrio,154,365,42.19%,1
what is retail strategy?,153,607,25.21%,1
what is corporate culture examples,151,2435,6.2%,3.73
in store marketing ideas,151,2231,6.77%,3.16
global music rights vs ascap,150,812,18.47%,3.03
bank marketing strategy,145,10365,1.4%,3.43
touchpoint mapping,144,2249,6.4%,2.21
marketing channels,142,63953,0.22%,22.99
wifi marketing,137,26219,0.52%,14.37
spectrio tampa,136,628,21.66%,1.02
enplug.com,136,324,41.98%,1
industry weapon digital signage,134,511,26.22%,1.09
marketing channels list,133,5456,2.44%,6.98
quotes on workplace culture,130,626,20.77%,2.56
join our company quotes,130,497,26.16%,2.67
how to run a costume contest,128,319,40.13%,1.2
enplug login,127,4507,2.82%,2.62
how technology can help improve hotel guest experience,127,1985,6.4%,4.24
quote on company culture,126,312,40.38%,1.38
employee quotes about company,124,1613,7.69%,3.71
spectrio share,122,5681,2.15%,2.69
patient experience best practices,122,3034,4.02%,3.32
positive work culture quotes,122,1319,9.25%,3.35
quotes about culture in the workplace,120,390,30.77%,1.43
kmart radio,119,1596,7.46%,11.49
how to create a visual brand identity,119,1031,11.54%,1.94
old songs everyone knows,118,1775,6.65%,5.12
how to make a digital menu,117,1639,7.14%,2.88
customer value examples,116,5213,2.23%,8.57
marketing of banking services,115,4271,2.69%,6.19
customer values examples,115,1122,10.25%,4.06
marketing strategies for banks,112,1944,5.76%,2.65
example of organization culture,112,918,12.2%,3.32
auto repair shop marketing strategies,111,2157,5.15%,2.46
customer habits,111,1819,6.1%,1.81
digital menu boards,110,32977,0.33%,65.17
in store marketing examples,110,1969,5.59%,3.5
define retail strategy,110,767,14.34%,1.05
good company culture examples,108,8718,1.24%,9.25
organisational culture,107,2811,3.81%,13.53
organization culture example,107,1380,7.75%,4.17
marketing in banking sector,106,5072,2.09%,6.78
marketing strategies for banks and financial institutions,106,3568,2.97%,4.11
example of organisational culture,106,1454,7.29%,3.91
"spectrio, llc",106,356,29.78%,1
lifeshare,105,10423,1.01%,7.88
audio branding,104,17886,0.58%,10.74
most famous songs,104,6320,1.65%,13.55
example of company culture,104,2842,3.66%,6.88
quotes on corporate culture,104,661,15.73%,3.24
bank marketing ideas,102,4672,2.18%,4.65
scent psychology,102,797,12.8%,2.87
what is spectrio,101,434,23.27%,1.44
work culture quote,101,383,26.37%,1.92
great culture quotes,101,378,26.72%,2.18
spectrio pricing,100,336,29.76%,1.32
iconic songs,99,17230,0.57%,9.92
global employee health and fitness month,98,2841,3.45%,6.39
instore marketing,97,10305,0.94%,26.53
csr email to employees,97,196,49.49%,1.21
scorestream,96,17962,0.53%,7.52
how can you develop the marketing for banks and financial institutions,96,228,42.11%,1.84
multi screen tv setup,95,1709,5.56%,3.43
most iconic songs of all time,94,2726,3.45%,11.64
spectio,94,568,16.55%,1.87
famous old songs,93,2414,3.85%,12.32
how to create positive organizational culture,93,832,11.18%,4.12
internal communications best practices,92,12164,0.76%,8.16
quotes about business culture,92,222,41.44%,1.44
"your technology client wants feedback from prospective customers on sample 
products. which of the following would be the best recommendation?",91,685,13.28%,2.2
quotes about company values,91,263,34.6%,1.22
spectrio lifeshare,90,1562,5.76%,2.12
multi tv wall setup,90,1473,6.11%,2.05
best place to work quotes,89,733,12.14%,5.38
great company to work for quotes,89,318,27.99%,1.75
culture of a company examples,88,4926,1.79%,6.26
good work culture quotes,88,517,17.02%,2.85
working for a great company quotes,88,363,24.24%,1.48
quotes on organisational culture,87,303,28.71%,2.21
customer touchpoint map,86,3188,2.7%,5.45
grrid,86,899,9.57%,2.32
praising company quotes,86,276,31.16%,1.81
retail strategy meaning,85,1131,7.52%,1.02
spectrio on hold,84,140,60%,1
in-store marketing examples,83,1164,7.13%,3.35
cloudstream,82,12004,0.68%,18.94
positive culture quotes,82,802,10.22%,2.77
screenscapes,82,578,14.19%,1.39
how to create a positive organizational culture,82,447,18.34%,3.13
"your technology client wants feedback from prospective customers on sample 
products",82,330,24.85%,1.79
creating positive organizational culture,81,382,21.2%,4.02
organisational culture quotes,80,770,10.39%,3.72
organizational culture company examples,80,640,12.5%,3.52
quote about team culture,80,386,20.73%,2.18
csr activity mail to employees,80,233,34.33%,3.6
retail location strategy,79,3272,2.41%,7.18
classic songs,79,2483,3.18%,40.28
company culture slogans,79,240,32.92%,1.12
store marketing,78,5524,1.41%,5.03
office tv display ideas,78,713,10.94%,1.37
organizational culture quote,78,279,27.96%,2.16
what is internal branding,77,2313,3.33%,6.64
marketing of banking products,77,2086,3.69%,3.58
how to create a digital menu,77,597,12.9%,3.32
should all companies implement internal enterprise social networks,77,453,17%,2.04
in-store advertising,76,7266,1.05%,2.43
customer values,76,4897,1.55%,7.3
what is team culture examples,76,881,8.63%,4.39
motivational quotes about company culture,76,375,20.27%,2.55
industryweapon,76,153,49.67%,1.14
enplug acquired,76,141,53.9%,1.57
patient dissatisfaction,74,1633,4.53%,1.94
smell psychology,74,1560,4.74%,3.95
spectrio logo,74,638,11.6%,1.04
banking marketing,73,8512,0.86%,6.55
tv in office,73,2088,3.5%,3.83
best old songs,72,2889,2.49%,11.58
4 tv wall setup,72,1021,7.05%,2.86
quotes on business culture,72,159,45.28%,1.4
how to promote a product in-store,71,1581,4.49%,3.1
quote on organizational culture,71,200,35.5%,1.77
marketing strategy in banking sector,70,472,14.83%,3.14
explain how technology can help improve hotel guest experience,69,900,7.67%,3.87
corporate culture quote,69,222,31.08%,1.82
how to make a video wall with 4 tvs,68,2818,2.41%,8.21
create digital menu,68,1384,4.91%,3.89
in-store media examples,68,412,16.5%,1.67
how to re engage customers,67,585,11.45%,1.68
quote about work culture,67,191,35.08%,1.47
best company review quotes,67,145,46.21%,1.15
types of corporate culture,66,10115,0.65%,15.74
how to promote bank products,66,918,7.19%,3.05
how to make digital menu,66,459,14.38%,2.72
quote categories,65,503,12.92%,3.39
quote about workplace culture,65,272,23.9%,1.79
company core values quotes,65,196,33.16%,1.74
in store marketing strategies,64,1899,3.37%,2.37
retail strategy definition,64,1179,5.43%,1.08
five examples of organisational culture,64,1006,6.36%,1.7
old classic songs,64,1005,6.37%,19.92
how to market a bank,64,715,8.95%,2.11
creating a positive organizational culture,63,470,13.4%,4.13
internal communications,62,36214,0.17%,31.29
positive organisational culture,62,1211,5.12%,9.38
people and culture quotes,62,280,22.14%,2.07
culture quotes,61,17396,0.35%,10.86
retail strategies,61,3695,1.65%,37.42
digital signage content creator,61,1936,3.15%,2.2
how to market business on instagram,61,550,11.09%,3.55
what does a gym smell like,61,542,11.25%,1.58
examples of organization culture,61,476,12.82%,3.59
great company culture quotes,61,163,37.42%,1.31
what do gyms smell like,60,259,23.17%,1.09
how to create visual brand identity,60,228,26.32%,2.16
internal communications strategy,59,16235,0.36%,22.9
pop advertising,59,9936,0.59%,6.14
customer re engagement strategy,59,2372,2.49%,1.93
culture of organization example,59,1099,5.37%,4.02
what is a retail strategy,59,680,8.68%,1.05
ten foot wave,59,275,21.45%,1.71
quotes on company values,59,214,27.57%,1.45
digital display screen,57,27116,0.21%,47.41
countdown app,57,25069,0.23%,18.65
marketing strategies for banking products,57,1571,3.63%,3.11
lifeshare spectrio,57,1212,4.7%,2.31
music and shopping,57,1155,4.94%,1.51
screen scape,57,653,8.73%,2.67
ping digital signage,57,193,29.53%,1.06
workplace culture quote,57,171,33.33%,1.53
marketing in banking,56,2236,2.5%,6.21
email marketing business plan,56,1606,3.49%,2.8
quotes categories,56,362,15.47%,1.95
organization culture quotes,56,338,16.57%,3
examples of team culture,55,1083,5.08%,4.99
how to improve restaurant menu,55,556,9.89%,1.19
how to market a business on instagram,55,338,16.27%,2.98
marketing strategy of banks,55,234,23.5%,2.21
retailradio,55,167,32.93%,1.76
digital signage for restaurants,54,8523,0.63%,9.66
what is in store marketing,54,1725,3.13%,2.94
sonic river,54,1032,5.23%,3.13
new menu,54,562,9.61%,3.54
marketing strategy for auto repair shop,54,167,32.34%,1.85
what is company culture examples,53,2732,1.94%,6.76
in store advertising examples,53,476,11.13%,1.67
retail radio login,53,105,50.48%,1.02
on hold messaging,52,10692,0.49%,5.43
list of all marketing channels,52,1500,3.47%,6.85
how to improve customer service in automotive industry,52,940,5.53%,4.37
how to market my business on instagram,52,432,12.04%,2.38
psychology of scents,52,345,15.07%,3.42
new menu caption,52,318,16.35%,2.11
company praise quotes,52,115,45.22%,1.35
scent marketing,51,20580,0.25%,29.38
most recognizable songs,51,4513,1.13%,10.11
banking ideas to get new customers,51,3385,1.51%,7.81
culture of an organization example,51,1055,4.83%,4.57
car service marketing ideas,51,432,11.81%,2.69
quote about organizational culture,51,115,44.35%,1.17
internal communication best practices,50,4524,1.11%,6.76
what is team culture,50,1713,2.92%,39.2
all marketing channels,50,1622,3.08%,7.67
10ft wave,50,1139,4.39%,4.76
workplace culture,50,736,6.79%,15.26
good culture quotes,50,507,9.86%,3.74
touch point mapping,50,411,12.17%,1.74
spectrio retail radio manual,50,236,21.19%,3.09
quote company culture,50,135,37.04%,1.34
company culture taglines,50,132,37.88%,1.07
marketing ideas for banks,49,1508,3.25%,4.12
marketing strategy of bank,49,241,20.33%,2.25
digital menu,48,25443,0.19%,61.29
voice solutions,48,16603,0.29%,13.66
10 ft wave,48,1500,3.2%,3.48
wall copy meaning in social media,48,612,7.84%,2.01
elite corporate culture,48,339,14.16%,1.55
how to host a costume contest,48,195,24.62%,2.96
examples for organizational culture,48,138,34.78%,2.09
bank marketing plan,47,2830,1.66%,3.69
is global music rights legit,47,1150,4.09%,6.13
patient dissatisfaction with healthcare,47,440,10.68%,3.83
positive workplace culture quotes,47,267,17.6%,2.16
building culture quotes,47,224,20.98%,1.99
good company culture quotes,47,147,31.97%,1.69
auto repair marketing,46,16716,0.28%,3.75
corporate screensaver,46,6105,0.75%,6.12
old famous songs,46,1023,4.5%,11.07
internal communication guidelines,46,954,4.82%,10.28
create a digital menu,46,833,5.52%,3.94
osborn visual solutions,46,548,8.39%,1.34
definition of retail strategy,46,334,13.77%,1.01
great place to work quote,46,283,16.25%,5.04
team first corporate culture,46,221,20.81%,2.3
most known songs,45,2888,1.56%,9.34
digital directory software,45,1931,2.33%,5.87
organizational culture theory examples,45,891,5.05%,5.27
enplug art,45,197,22.84%,3.29
great work culture quotes,45,148,30.41%,2.13
spectrio music player,45,131,34.35%,1.03
quotes on culture in business,45,98,45.92%,1.17
internal communications strategies,44,2165,2.03%,6.62
best music to play in retail stores,44,1810,2.43%,4.58
marketing plan for auto repair shop pdf,44,1619,2.72%,8.61
internal communication strategy,43,31102,0.14%,20.04
instore advertising,43,4000,1.07%,3.54
corporate communications best practices,43,3399,1.27%,5.53
launching new menu caption,43,1144,3.76%,16.32
cultural organizations examples,43,865,4.97%,3.4
retail radio playlist,43,722,5.96%,4.34
store marketing ideas,43,504,8.53%,3.84
old english songs,43,473,9.09%,9.59
motivational quotes categories,43,230,18.7%,1.12
digital menu board,42,22692,0.19%,61.53
iohi,42,6097,0.69%,3.3
what is corporate culture,42,5866,0.72%,46.4
digital signage in healthcare,42,3519,1.19%,5.59
what is organizational culture,42,1053,3.99%,26.06
digital signage requirements,42,594,7.07%,3.27
quote about culture in the workplace,42,172,24.42%,1.22
q1. what is retail strategy?,42,172,24.42%,1.58
specterio,42,104,40.38%,1
digital signage for events,41,1749,2.34%,2.41
media distribution solutions,41,998,4.11%,1.61
organizational cultures examples,41,555,7.39%,3.33
ladies night shopping event ideas,41,345,11.88%,5.99
digital message board for seniors,41,330,12.42%,4.73
types of in-store advertising,41,197,20.81%,1.9
how to deal with skeptical customers,41,192,21.35%,2.81
quote about corporate culture,41,157,26.11%,1.85
music for retail store,40,5506,0.73%,7.69
multiple tv wall,40,2955,1.35%,1.23
marketing strategies for auto repair shops,40,2400,1.67%,2.62
multi tv wall,40,1770,2.26%,2.24
types of organizational culture,40,1707,2.34%,20.73
store strategy,40,1330,3.01%,6.17
promotion strategies for banking services,40,541,7.39%,4.13
quality culture quotes,40,421,9.5%,4.24
marketing your business on instagram,40,389,10.28%,3.71
department culture examples,40,332,12.05%,3.08
tamara bebb,40,237,16.88%,4.59
office electronics,39,9023,0.43%,17.98
retention plan,39,4896,0.8%,17.17
multiple tvs on wall,39,2018,1.93%,1.76
creating a visual brand identity,39,986,3.96%,2.41
horizontal corporate culture,39,671,5.81%,2.29
how to improve patient experience in dental office,39,590,6.61%,6.14
team culture quote,39,280,13.93%,2.81
company value quotes,39,121,32.23%,1.86
quotes company culture,39,103,37.86%,1.32
company culture,38,31630,0.12%,58.13
work culture examples,38,6455,0.59%,14.57
marketing for a bank,38,1430,2.66%,2.01
spectrio cloud,38,368,10.33%,2
conventional culture examples,38,238,15.97%,1.17
working culture quotes,38,225,16.89%,3.42
quotes about working for a great company,38,124,30.65%,1.04
screenscape.com,38,65,58.46%,1
audio marketing examples,37,400,9.25%,5.87
how to make a digital menu for restaurant,37,364,10.16%,2.95
how to create digital menu,37,336,11.01%,2.27
people-first culture quotes,37,221,16.74%,2.28
healthcare marketing tools,36,3750,0.96%,2.36
music in retail stores,36,2238,1.61%,6.72
elements of retail strategy,36,1734,2.08%,5.78
using a tv as a display board,36,1304,2.76%,7.44
good team culture examples,36,1049,3.43%,6.67
new menu announcement,36,881,4.09%,7.03
best in-store marketing campaigns,36,796,4.52%,6.68
bank campaign ideas,36,583,6.17%,6.72
what is wall copy in social media,36,493,7.3%,2.2
how to use instagram to market your business,36,318,11.32%,5.02
marketing banking products,36,307,11.73%,2.66
digital signage content,35,21757,0.16%,10.18
internal communication strategies,35,6684,0.52%,9.62
company quotes,35,5896,0.59%,11.92
importance of customer reviews,35,3069,1.14%,9.24
4 tv setup,35,1639,2.14%,6.19
google trend app,35,1430,2.45%,6.17
quad tv setup,35,599,5.84%,5.13
best music for retail store,35,398,8.79%,5.38
skeptical customer,35,226,15.49%,1.16
what is a positive organisational culture,35,182,19.23%,5.25
quotes on good work culture,35,163,21.47%,2.59
quotes corporate culture,35,115,30.43%,2.18
auto repair shop marketing,34,12361,0.28%,3.9
team culture definition,34,2714,1.25%,27.71
music in hospitals,34,1749,1.94%,6.42
horizontal culture,34,1180,2.88%,2.93
cloudstream.com,34,1152,2.95%,10.99
marketing strategy for banking services,34,942,3.61%,3.53
google trends app android,34,335,10.15%,6.03
visual communication in nursing,34,297,11.45%,3.51
culture in the workplace quotes,34,250,13.6%,2.92
impressions on hold,34,205,16.59%,1.34
example for organizational culture,34,176,19.32%,3.16
profit on hold,34,124,27.42%,1
internal communication,33,42077,0.08%,38.16
consumer tension,33,3491,0.95%,4.29
patient experience week 2022,33,3084,1.07%,9.82
marketing bank,33,3018,1.09%,10.9
overhead music,33,2582,1.28%,2.6
multi screen tv wall,33,1886,1.75%,5.1
marketing in banking industry,33,1536,2.15%,5.83
sound marketing examples,33,676,4.88%,6.3
five examples of the organisational culture,33,453,7.28%,1.48
great place to work message,33,431,7.66%,6.19
what is positive organizational culture,33,366,9.02%,5.58
high performance culture quotes,33,253,13.04%,2.71
cultural values comments,33,247,13.36%,4.9
example of organizational culture in business,33,236,13.98%,3.03
employee culture quotes,33,190,17.37%,2.81
culture building quotes,33,106,31.13%,1.99
healthcare digital signage,32,14646,0.22%,10.56
digital signage monitor,32,5767,0.55%,24.2
advertising channels list,32,2514,1.27%,7.59
how to make digital menu card,32,1117,2.86%,2.52
how to create a digital menu board,32,875,3.66%,2.72
gym smell,32,745,4.3%,3.92
how to set up digital signage,32,482,6.64%,2.56
how to promote new menu items,32,416,7.69%,3.91
what is a positive organizational culture,32,351,9.12%,5.57
marketing plan for bank,32,303,10.56%,3.37
music for patients,32,196,16.33%,2.96
spectiro,32,76,42.11%,1
advertising channels,31,8338,0.37%,16.14
what is audio branding,31,2936,1.06%,6.99
brand sound,31,2852,1.09%,10.83
internal communication tactics,31,1610,1.93%,6.64
most recognisable songs,31,1070,2.9%,8.58
benefits of perfume business,31,1043,2.97%,5.39
what do customers value,31,782,3.96%,8.42
best practices for internal communications,31,711,4.36%,5.1
culture in company example,31,380,8.16%,5.22
digital event signage,31,313,9.9%,3.02
example of team culture,31,240,12.92%,2.63
healthy work culture quotes,31,240,12.92%,3.54
quotes about good working environment,31,213,14.55%,7.12
organizational culture with examples,31,152,20.39%,4.39
digital signage vs traditional signage,31,116,26.72%,2.06
quotes about organisational culture,31,109,28.44%,2.39
digital menu for restaurants,30,5384,0.56%,56.91
dax brady sheehan,30,1124,2.67%,5.01
popular old songs,30,943,3.18%,19.06
car service marketing,30,789,3.8%,1.52
in store advertising ideas,30,614,4.89%,3.23
quotes about work environment,30,360,8.33%,8.09
calling experience,30,350,8.57%,1.57
commercials on hold,30,306,9.8%,1.4
organizational culture examples in business,30,239,12.55%,3.86
quote on team culture,30,238,12.61%,2.34
examples of visual communication in healthcare,30,217,13.82%,3.78
examples of organisation culture,30,158,18.99%,3.74
causes of patient dissatisfaction,30,146,20.55%,3.4
conventional corporate culture,30,143,20.98%,2.34
working for a good company quotes,30,123,24.39%,2.67
spectorio,30,119,25.21%,1.18
soectrio,30,104,28.85%,1.01
digital signage software,29,80158,0.04%,42.35
wayfinding map,29,4320,0.67%,8.33
internal comms best practices,29,1357,2.14%,6.33
what is business culture examples,29,732,3.96%,5.32
internal communications best practices 2021,29,730,3.97%,4.41
older songs,29,271,10.7%,8.48
how to create digital menu for restaurants,29,149,19.46%,1.85
what are the marketing strategies used in banks,29,143,20.28%,1.97
digital menu boards for restaurants,28,11404,0.25%,59.25
internal communications tactics,28,3764,0.74%,6.98
what is bank marketing,28,1893,1.48%,8.61
windmills of your mind meaning,28,1440,1.94%,10.61
marketing for auto repair shops,28,1182,2.37%,2.63
spectrios,28,1140,2.46%,5.94
old music,28,1111,2.52%,2.62
company cultures examples,28,990,2.83%,5.7
vs networks,28,862,3.25%,4.8
in store marketing campaigns,28,728,3.85%,4.32
touch point map,28,672,4.17%,2.54
hold music samples,28,493,5.68%,4.44
how to market auto repair shop,28,417,6.71%,2.39
marketing plan for a bank,28,365,7.67%,3.4
corporate culture examples company,28,308,9.09%,2.7
visual communication in healthcare,28,295,9.49%,3.51
spectrio address,28,210,13.33%,1.77
corporate cultures examples,28,162,17.28%,3.46
quotes for good working environment,28,108,25.93%,4.18
digital bulletin board,27,14979,0.18%,12.81
automotive service marketing,27,6115,0.44%,2.41
office culture,27,5246,0.51%,27.68
how to use digital signage,27,1471,1.84%,1.46
bank advertising ideas,27,1343,2.01%,6.22
how to make a digital menu board,27,1230,2.2%,3.86
marketing in banks,27,1085,2.49%,5.92
consumer values examples,27,467,5.78%,4.84
types of in store advertising,27,311,8.68%,1.4
traditional corporate culture,27,285,9.47%,3.94
reengagement strategies,27,256,10.55%,3.89
advertising pop,27,234,11.54%,1.85
examples of customer values,27,215,12.56%,3.23
quote on corporate culture,27,147,18.37%,2.5
spectreo,27,145,18.62%,1.06
sound branding,26,4661,0.56%,30.66
color of gratitude,26,2987,0.87%,7.9
corporate cultures,26,2934,0.89%,11.08
creative marketing ideas for banks,26,2220,1.17%,7.14
new menu launch,26,2156,1.21%,8.73
audio branding examples,26,1995,1.3%,7.2
most famous songs of all time,26,1867,1.39%,18.39
digital menu template,26,1091,2.38%,25.04
internal culture examples,26,898,2.9%,4.3
marketing banking services,26,639,4.07%,5.99
how to engage existing customers,26,537,4.84%,3.65
example of business culture,26,393,6.62%,6.54
in store media advertising,26,380,6.84%,2.35
office tv screen,26,378,6.88%,1.89
black history month email signature,26,326,7.98%,1
physiology of smell,26,299,8.7%,2
global music rights license cost,26,222,11.71%,5.5
positive team culture quotes,26,209,12.44%,3.17
good place to work quotes,26,181,14.36%,5.23
a great place to work quotes,26,172,15.12%,4.19
quotes on good working environment,26,95,27.37%,4.91
business culture quote,26,80,32.5%,1.1
codigo,25,48332,0.05%,13.48
yelp app,25,15586,0.16%,11.57
digital signage content management system,25,9364,0.27%,14.3
enterprise digital signage,25,7496,0.33%,8.79
lifeshare login,25,3926,0.64%,4.92
how to engage with customers in retail,25,2037,1.23%,6.02
how to create digital menu for free,25,896,2.79%,7.57
prospect journey,25,830,3.01%,2.6
industry weapon login,25,760,3.29%,3.29
organizational culture stories examples,25,534,4.68%,6.32
spectario,25,510,4.9%,6.12
what is a social wall,25,495,5.05%,2.86
most famous songs ever,25,472,5.3%,10.91
cultural organization examples,25,356,7.02%,3.08
organisational culture example,25,353,7.08%,3.84
in store advertisement,25,250,10%,2.02
what are retail strategies,25,227,11.01%,1.05
good working environment quotes,25,193,12.95%,6.41
banks marketing strategy,25,187,13.37%,2.33
retail strategy in retail management,25,179,13.97%,1.35
music for hospital patients,25,167,14.97%,2.62
new menu launch caption,25,160,15.62%,3.11
psychology of scent,25,139,17.99%,2.82
restaurant digital signage,24,18756,0.13%,11.77
digital screen display,24,4190,0.57%,27.48
most well known songs,24,3299,0.73%,10.62
corporate culture meaning,24,1690,1.42%,37.48
marketing in bank,24,1329,1.81%,4.85
customer re engagement,24,1263,1.9%,1.93
spectro marketing,24,417,5.76%,4.56
what is a social media wall,24,388,6.19%,2.57
classic old songs,24,376,6.38%,18.55
organizational culture examples pdf,24,342,7.02%,9.2
examples of organizational cultures,24,262,9.16%,3.33
what do customers value most,24,249,9.64%,6.94
how to host a halloween costume contest,24,235,10.21%,4.57
spectrio ceo,24,179,13.41%,3.01
car service promotion ideas,24,161,14.91%,3.7
quotes about great companies,24,140,17.14%,3.2
how to reengage customers,24,111,21.62%,1.35
quotes on office culture,24,107,22.43%,2.88
quotes about positive work culture,24,49,48.98%,2.49
digital lobby signage,23,12006,0.19%,6
quotes about culture,23,6861,0.34%,12.23
digital signage healthcare,23,5872,0.39%,6.64
wifi advertising,23,5601,0.41%,9.41
corporate screensaver software,23,3470,0.66%,6.05
mechanic marketing,23,1750,1.31%,2.26
employee health and fitness month,23,1036,2.22%,7.49
work environment quotes,23,674,3.41%,12.52
internal communication statistics,23,548,4.2%,8.43
example organizational culture,23,399,5.76%,4.13
new menu announcement example,23,295,7.8%,8.02
what situations may lead to patient dissatisfaction?,23,260,8.85%,2.51
customer habit,23,253,9.09%,2.83
example of corporate culture in business,23,232,9.91%,2.96
categories of quotes,23,210,10.95%,4.35
the success of a company depends on its employees quotes,23,176,13.07%,1.63
working culture used in industry are always,23,125,18.4%,1
quotes for company culture,23,81,28.4%,2.2
culture quotes for business,23,74,31.08%,1.47
digital signage displays,22,31405,0.07%,39.33
digital signage for healthcare,22,4212,0.52%,8.91
digital signage for banks,22,3455,0.64%,4.2
marketing plan for auto repair shop,22,3445,0.64%,1.93
diy digital menu board,22,1367,1.61%,5.24
culture of company examples,22,1259,1.75%,6.78
advertising in stores,22,1223,1.8%,2.18
strong organizational culture examples,22,1062,2.07%,8.51
create digital menu board free,22,929,2.37%,8.04
banking marketing strategy,22,881,2.5%,2.91
corporate culture examples in business,22,426,5.16%,5.87
introducing our new menu,22,326,6.75%,4.96
explain how technology can help improve hotel guest experience.,22,273,8.06%,3.68
customer service in automobile industry,22,269,8.18%,4.59
how to increase average ticket size in retail,22,219,10.05%,5.4
example of culture in organization,22,187,11.76%,4.46
company communication guidelines,22,168,13.1%,6.53
retail strategy pdf,22,61,36.07%,9.05
what is digital signage,21,20665,0.1%,17.61
on hold messages for business,21,8472,0.25%,18.03
workplace culture examples,21,7959,0.26%,33.92
commercial digital signage displays,21,7001,0.3%,34.66
culture quote,21,4224,0.5%,9.77
digital communication board,21,1145,1.83%,3.46
customer re-engagement,21,1042,2.02%,2.22
sales culture quotes,21,841,2.5%,2.39
company's culture examples,21,837,2.51%,6.45
marketing ideas for auto repair shop,21,688,3.05%,4.08
music in stores psychology,21,532,3.95%,5.07
on hold and line goes silent,21,517,4.06%,4.34
corporate communication best practices,21,379,5.54%,7.14
screenscape login,21,368,5.71%,4.58
america on hold,21,315,6.67%,4.43
create digital menu board,21,307,6.84%,1.49
customer touch point map,21,301,6.98%,3.74
holding message example,21,299,7.02%,3.73
culture of the organization example,21,288,7.29%,4.1
visual communication in health and social care,21,271,7.75%,4.02
types of bank marketing,21,265,7.92%,2.88
automobile service marketing,21,260,8.08%,2.23
best old song,21,253,8.3%,15.09
new addition to our menu,21,244,8.61%,6.98
outpatient experience,21,243,8.64%,3.56
what is positive organisational culture,21,225,9.33%,6.3
holiday open house ideas for businesses,21,210,10%,4.94
waiting room tv slideshow,21,182,11.54%,4.85
retail holiday event ideas,21,147,14.29%,2.22
smell and psychology,21,147,14.29%,3.54
role of marketing in banking sector,21,127,16.54%,13.19
audiomax.com,21,117,17.95%,5.68
digital display,20,11537,0.17%,48.54
marketing for banking services,20,9083,0.22%,4.22
retail store music,20,4472,0.45%,12.51
digital display screen for advertising,20,2634,0.76%,15.09
what is organizational culture and examples,20,1674,1.19%,7.93
internal branding meaning,20,1472,1.36%,5.87
professional culture examples,20,1331,1.5%,4.5
marketing banks,20,856,2.34%,2.89
marketing banking,20,850,2.35%,5.66
4 tvs one picture,20,828,2.42%,8.15
quotes on culture and leadership,20,812,2.46%,7.75
marketing a bank,20,688,2.91%,1.88
en plug,20,469,4.26%,4.66
how to market your instagram business,20,448,4.46%,2.62
touchpoints map,20,441,4.54%,2.35
best music for shopping,20,366,5.46%,5.3
what is the culture of your organization example,20,361,5.54%,4.3
in store marketing meaning,20,347,5.76%,2.83
how to do a costume contest,20,167,11.98%,4.47
enplug inc,20,101,19.8%,1.18
which colonies wanted independence,20,86,23.26%,4.51
quote about company values,20,63,31.75%,1.29
culture at work quotes,20,61,32.79%,2.03
customer journey touchpoints,19,26102,0.07%,35.43
auto shop marketing,19,6021,0.32%,3.37
digital signage restaurant,19,4141,0.46%,11.53
consumer values,19,2947,0.64%,11.64
automotive service marketing ideas,19,2217,0.86%,3.32
marketing for banking,19,1536,1.24%,1.86
gratitude color,19,1453,1.31%,7.61
iconic old songs,19,1200,1.58%,7.36
digital signage creator,19,1197,1.59%,4.81
how to retain a customer over the phone,19,1176,1.62%,9.57
customer touch points in retail,19,971,1.96%,8.87
bank marketing examples,19,839,2.26%,2.65
4 screen tv setup,19,765,2.48%,6.05
best internal communication strategies,19,764,2.49%,6.65
most iconic songs ever,19,742,2.56%,9.52
new menu alert,19,738,2.57%,7.72
new on the menu,19,707,2.69%,8.02
dental patient experience,19,485,3.92%,3.62
classic songs everyone knows,19,432,4.4%,25.86
old songs that everyone knows,19,406,4.68%,9.67
check out our new menu,19,386,4.92%,6.23
new menu launch announcement,19,373,5.09%,7.9
global health and fitness month,19,321,5.92%,6.36
re-engagement strategy,19,254,7.48%,5.19
top old songs,19,228,8.33%,11.71
2x2 tv setup,19,173,10.98%,4.4
old school songs,19,161,11.8%,2.71
hold music on cell phone,19,107,17.76%,2.73
quote on work culture,19,98,19.39%,3.03
introducing new menu caption,19,67,28.36%,4.33
message on hold,18,10565,0.17%,18.72
interactive kiosks,18,10223,0.18%,19.2
aroma marketing,18,7716,0.23%,20.48
effective internal communication,18,5521,0.33%,14.21
retail music,18,3656,0.49%,15.97
organizational culture change examples,18,2215,0.81%,47.46
re-engage inactive customers,18,1609,1.12%,3.15
intranet statistics,18,927,1.94%,5.27
examples of business culture,18,703,2.56%,6.45
shop marketing ideas,18,673,2.67%,5.66
how to find your brand identity,18,608,2.96%,6.39
retailer strategy,18,577,3.12%,1.59
how to re engage old customers,18,484,3.72%,1.55
what is team culture in the workplace,18,340,5.29%,23.11
examples of company cultures,18,315,5.71%,5.7
horizontal culture in business,18,251,7.17%,2.11
types of quotes inspirational,18,225,8%,3.49
lifeshare app,18,199,9.05%,5.73
patient experience week 2022 theme,18,195,9.23%,7.8
introducing new menu items caption,18,169,10.65%,6.63
marketing tools for banks,18,132,13.64%,2.14
retail radio customer service,18,112,16.07%,1
types of inspirational quotes,18,111,16.22%,3.22
organisation culture examples,18,97,18.56%,1.52
spectrio oldsmar fl,18,86,20.93%,1
spectrio tampa fl,18,85,21.18%,1
corporate values quotes,18,42,42.86%,2.26
customer value,17,12913,0.13%,32.41
employee communications best practices,17,2372,0.72%,5.93
google trends live,17,2263,0.75%,9.3
sekou kaalund,17,2195,0.77%,6.65
in store marketing tactics,17,1632,1.04%,2.48
sound branding examples,17,1090,1.56%,7.84
intranet usage statistics,17,1030,1.65%,5.37
try our new menu,17,985,1.73%,7.2
marketing channel list,17,910,1.87%,8.54
winning culture quotes,17,892,1.91%,6.83
how to market your brand on instagram,17,780,2.18%,4.1
adriana cascarano,17,539,3.15%,1.82
marketing strategy for banking industry,17,451,3.77%,3.49
how to improve car service business,17,427,3.98%,6.57
organizational culture types,17,411,4.14%,5.53
what is organizational culture examples,17,388,4.38%,5.34
bank marketing activities,17,354,4.8%,2.32
touchpoint map example,17,274,6.2%,5.89
what is retailing strategy,17,218,7.8%,1.1
customer touch points in retail stores,17,205,8.29%,5.4
culture of organisation examples,17,176,9.66%,4.02
how do banks market their services,17,161,10.56%,3.92
visual merchandising best practices,17,159,10.69%,6.39
marketing for bank,17,158,10.76%,3.18
in-store marketing ideas,17,154,11.04%,2.21
how to run a halloween costume contest,17,124,13.71%,2.9
re engagement strategies,17,105,16.19%,1.72
what is retail strategy in retail management,17,79,21.52%,1
try our new menu caption,17,78,21.79%,2.18
how to promote a bank,17,65,26.15%,2.08
spectrio acquisitions,17,24,70.83%,1
interactive kiosk,16,16961,0.09%,26.61
digital screens,16,7192,0.22%,31.77
digital menu board design,16,6820,0.23%,30.93
digital signage for hospitals,16,5169,0.31%,15.15
event digital signage,16,5111,0.31%,5.46
customer journey map touchpoints,16,3650,0.44%,22.13
marketing for mechanics,16,2591,0.62%,1.36
digital signage setup,16,2099,0.76%,2.86
retention planning,16,2041,0.78%,12.08
benefits of scent marketing,16,1425,1.12%,5.76
digital signage uses,16,1308,1.22%,3.62
in store retail marketing,16,1281,1.25%,3.29
how to set up a showroom,16,1262,1.27%,1.91
internal corporate communications best practices,16,1025,1.56%,5.9
music in retail stores research,16,891,1.8%,6.59
how to create a visual identity,16,720,2.22%,6.92
wall meaning in social media,16,576,2.78%,1.07
quotes category,16,559,2.86%,8.86
how to market auto repair business,16,464,3.45%,2.17
good old songs,16,447,3.58%,17.76
caller experience,16,436,3.67%,1.22
internal branding process,16,383,4.18%,4.82
how to market an auto repair shop,16,382,4.19%,2.75
institutional culture examples,16,354,4.52%,4.31
effects of store music on shopping behavior,16,346,4.62%,6.41
company cookbook ideas,16,339,4.72%,6.85
agency culture examples,16,323,4.95%,4.05
retail management strategy,16,289,5.54%,36.32
introducing new menu,16,240,6.67%,3.15
multiple tv screen setup,16,228,7.02%,5.3
what is in-store marketing,16,190,8.42%,2.83
5 examples of the organisational culture,16,179,8.94%,1.39
what are some examples of organizational culture,16,170,9.41%,4.21
organizational culture examples company,16,170,9.41%,5.19
retail radio stations,16,153,10.46%,6.93
old classic songs everyone knows,16,149,10.74%,3.92
spectico,16,135,11.85%,3.95
what is the best music to play in a retail store,16,105,15.24%,3.06
good organisational culture examples,16,103,15.53%,3.71
example corporate culture,16,83,19.28%,4.29
marketing strategies of banks,16,82,19.51%,3.57
new menu quotes,16,60,26.67%,2.1
how to re engage past clients,16,50,32%,2.48
digital displays,15,13430,0.11%,35.36
tv size comparison,15,11167,0.13%,18.85
social wall,15,9553,0.16%,51.44
store music,15,5975,0.25%,20.99
score stream,15,2693,0.56%,7.72
4 tv video wall,15,1870,0.8%,25.3
auto repair marketing plan,15,1644,0.91%,1.76
internal communications guidelines,15,1297,1.16%,8.22
music in stores,15,1267,1.18%,7.12
re engaging customers,15,1258,1.19%,2.5
how many colonies voted for independence,15,931,1.61%,2.92
store advertising,15,912,1.64%,1.82
spectrio share login,15,740,2.03%,2.92
culture of the company examples,15,711,2.11%,6.4
old iconic songs,15,689,2.18%,7.99
bank branding ideas,15,618,2.43%,4.22
culture slogan,15,526,2.85%,13.25
spectrio reviews,15,504,2.98%,6.21
what are examples of company culture,15,488,3.07%,5.28
types of marketing strategies for banks,15,462,3.25%,2.49
digital wait time display,15,411,3.65%,4.61
most recognizable songs of all time,15,378,3.97%,9.25
customer touchpoints map,15,375,4%,5.13
gratitude colors,15,351,4.27%,6.19
positive organizational culture example,15,300,5%,9.37
what is organisational culture,15,296,5.07%,5.21
touchpoint plan,15,268,5.6%,4.92
spectrio revenue,15,207,7.25%,6.66
company culture sample,15,206,7.28%,7.34
supermarket announcement script,15,180,8.33%,9.67
different company cultures examples,15,161,9.32%,4.29
vertical tv for advertising,15,140,10.71%,14.14
office cultures,15,135,11.11%,7.28
organizational culture sample,15,132,11.36%,4.7
what makes a song iconic,15,127,11.81%,3.5
how to sell tires to customers,15,85,17.65%,2.25
culture of a team,15,80,18.75%,7.67
electronics for office,15,73,20.55%,4.08
what is bank marketing strategy,15,69,21.74%,1.78
culture moment quotes,15,63,23.81%,2.14
patient dissatisfaction in healthcare,15,63,23.81%,2.78
what situations may lead to patient dissatisfaction,15,62,24.19%,3.53
workplace quotes,14,15388,0.09%,7.49
digital signage screens,14,12398,0.11%,39.87
digital menu design,14,8754,0.16%,33.85
music for retail stores,14,7345,0.19%,8.25
internal communication ideas,14,6592,0.21%,31.9
workplace motivational quotes,14,5917,0.24%,4.5
types of company culture,14,5913,0.24%,23.12
marketing channels examples,14,4919,0.28%,26.44
automotive repair marketing,14,4666,0.3%,2.33
lobby digital signage,14,3658,0.38%,7.07
auto repair marketing ideas,14,3511,0.4%,3.33
wayfinding maps,14,3131,0.45%,9.83
digital display board,14,2467,0.57%,55.13
lobby tv display software,14,2439,0.57%,10.27
marketing in store,14,2202,0.64%,7.56
retail business strategy,14,1901,0.74%,36.19
creative office space ideas,14,1777,0.79%,3.66
customer experience in automotive industry,14,1531,0.91%,13.75
culture phrases,14,1250,1.12%,7.28
in store ads,14,1129,1.24%,5.78
bank branding strategy,14,1111,1.26%,7.14
company cultures,14,1066,1.31%,23.52
teamwork culture,14,1015,1.38%,72.99
give five examples of the organisational culture,14,1003,1.4%,3
radio retail,14,905,1.55%,3.7
culture in business examples,14,857,1.63%,6.46
quotes about company and employees,14,699,2%,9.54
how to build a video wall,14,569,2.46%,11.14
marketing of banking,14,532,2.63%,5.89
cooperative culture examples,14,413,3.39%,4.43
how to book a nail appointment over text,14,412,3.4%,7.4
tire marketing,14,383,3.66%,5.51
wellness kiosk,14,375,3.73%,5.87
horizontal organizational culture,14,343,4.08%,7.04
culture company example,14,341,4.11%,6.4
culture in an organization example,14,338,4.14%,4.3
new menu launch ideas,14,259,5.41%,6.52
marketing strategies in banking sector pdf,14,235,5.96%,10.09
best known songs,14,224,6.25%,12.22
examples of good organizational culture,14,209,6.7%,4.95
how to grow tyre business,14,198,7.07%,6.22
different types of organizational culture,14,191,7.33%,18.21
hierarchy culture examples,14,185,7.57%,15.07
trade show booth best practices,14,177,7.91%,6.54
incorporated social culture,14,146,9.59%,3.73
best customer service in automotive industry,14,129,10.85%,1.88
traditional company culture,14,125,11.2%,4.2
org culture examples,14,116,12.07%,2.69
how to market bank products and services,14,116,12.07%,3.01
best old english songs,14,112,12.5%,7.92
how to market banking products,14,93,15.05%,3.02
re-engagement strategies,14,91,15.38%,2.12
halloween costume contest categories for work,14,88,15.91%,2.52
sample email for csr activity to employees,14,85,16.47%,4.07
themed promotions,14,81,17.28%,2.17
inspirational quotes corporate culture,14,71,19.72%,2.46
team-first corporate culture,14,70,20%,1.63
marketing strategy for bank,14,70,20%,3.23
motivational work culture quotes,14,61,22.95%,2.21
quotes about office culture,14,37,37.84%,1.35
electronic menu board,13,8540,0.15%,60.39
digital signage meaning,13,6460,0.2%,9.25
digital menu software,13,6004,0.22%,56.68
internal communication methods,13,4381,0.3%,11.44
auto repair shop advertising ideas,13,3995,0.33%,10.94
digital menus for restaurants,13,3749,0.35%,50.87
patient check in system,13,3739,0.35%,12.81
experiential marketing,13,3073,0.42%,101.93
corporate culture definition,13,2793,0.47%,65.5
car repair marketing,13,2150,0.6%,2.58
promotional channels,13,1800,0.72%,8.52
on hold script examples,13,1220,1.07%,8.18
benefits of digital signage in healthcare,13,908,1.43%,4.24
windmills of your mind,13,895,1.45%,32.69
review quotes for company,13,870,1.49%,9.43
features of bank marketing,13,862,1.51%,8.49
video wall with 4 tvs,13,708,1.84%,10.09
4 types of customer value,13,621,2.09%,8.68
marketing ideas for retail stores,13,620,2.1%,10.9
overhead announcement,13,577,2.25%,4.02
organization culture,13,557,2.33%,38.28
corporate screen saver,13,556,2.34%,6.23
most popular old songs,13,529,2.46%,8.89
sales and marketing in banking sector,13,419,3.1%,8.31
store marketing strategies,13,354,3.67%,7.74
organisation culture,13,317,4.1%,13.35
re engage customers,13,313,4.15%,1.78
inspiring culture quotes,13,288,4.51%,6.37
how to streamline communication,13,254,5.12%,7.27
best old school songs,13,248,5.24%,2.41
workplace work culture quotes,13,239,5.44%,2.78
digital signage tips,13,232,5.6%,5.72
audio messaging solutions,13,208,6.25%,6.63
how to put hold music on cell phone,13,202,6.44%,6.32
marketing strategy in bank,13,179,7.26%,3.15
in store advertising meaning,13,175,7.43%,1.9
culture of a team examples,13,150,8.67%,4.31
best old songs list,13,142,9.15%,3.57
what is an example of organizational culture,13,141,9.22%,3.17
old english songs list,13,127,10.24%,5.24
best organizational culture examples,13,127,10.24%,6.68
great work environment quotes,13,116,11.21%,8.23
how to connect 4 tvs together,13,105,12.38%,19.67
working cultures used in industry are always,13,98,13.27%,1
what are 5 organizational culture examples?,13,97,13.4%,1.05
tyre marketing strategy,13,74,17.57%,7.24
how to re-engage lapsed customers,13,72,18.06%,4.99
should all companies implement internal enterprise social networks?,13,56,23.21%,2.62
about our company quotes,13,35,37.14%,1.43
customer review,12,18421,0.07%,23.84
visual branding,12,13233,0.09%,35.14
digital signage content creation,12,7106,0.17%,3.23
scent marketing companies,12,6613,0.18%,15.15
screensaver,12,6060,0.2%,41.1
auto service marketing,12,4990,0.24%,2.12
on hold message,12,4263,0.28%,21.34
discount marketing,12,3997,0.3%,23.08
music for stores,12,2042,0.59%,10.68
video wall setup,12,1986,0.6%,8.22
company culture definition examples,12,1779,0.67%,7.57
scent marketing examples,12,1644,0.73%,32.93
conventional culture,12,1466,0.82%,7.09
color for gratitude,12,1379,0.87%,7.55